INSERT INTO SOLDIER_PERSONAL
VALUES(1001, "Tom", "Brown", "K", " M", " 3872 3826 5932 ", "Married ", "Graduate");
INSERT INTO SOLDIER_PERSONAL
VALUES(1002, "Kate", "Silvester", "M", " F", " 3876 3321 5934", "Single", "Graduate");
INSERT INTO SOLDIER_PERSONAL
VALUES(1003, "Pahul", "Singh", "C", " M", "9876 3251 5945 ", "Single", "Graduate");
INSERT INTO SOLDIER_PERSONAL
VALUES(1004, "Jimmy", "John", " ", "M", "5477 3951 5911 ", "Single", " Post Graduate");
INSERT INTO SOLDIER_PERSONAL
VALUES(1005, "Sai", "Reddy", "P", "M", "5378 2951 5993 ", "Single", "Graduate");
INSERT INTO SOLDIER_PERSONAL
VALUES(1006, "Pinkie", "Grower", " ", "F ", "2826 3377 3764 ", "Single", "Elementary");
INSERT INTO SOLDIER_PERSONAL
VALUES(1007, "Kiran", "Jain", " ", "M ", "7337 4970 2838 ", "Married ", "Doctorate");
INSERT INTO SOLDIER_PERSONAL
VALUES(1008, "Kunwar", "Jain", " ", "M", "9737 2923 2838 ", "Single", "Graduate");
INSERT INTO SOLDIER_PERSONAL
VALUES(1009, "Ali", "Mark", " ", "M", "9127 2737 2812 ", "Single", "Graduate");
INSERT INTO SOLDIER_PERSONAL
VALUES(1010, "Prasad", "Reddy", "K", "M", "5456 2348 3245", "Single", "Post Graduate");
INSERT INTO SOLDIER_PERSONAL
VALUES(1011, "Akash", "Reddy", " ", "M", "7894 4564 3561", "Married ", "Graduate");
INSERT INTO SOLDIER_PERSONAL
VALUES(1012, "Raju", "Verma", " ", "M", "2345 5435 2313", "Married ", "Graduate");
INSERT INTO SOLDIER_PERSONAL
VALUES(1013, "Vishal", "Verma", "Ramu", "NA", "3546 6871 4654", "Married ", "Graduate");
INSERT INTO SOLDIER_PERSONAL
VALUES(1014, "Raman", "Saxena", "P", "M", "3243 2447 3458", "Single", "Post Graduate");
INSERT INTO SOLDIER_PERSONAL
VALUES(1015, "Mark", "taylor", "R", "M", "6463 3564 3542", "Married ", "Graduate");
INSERT INTO SOLDIER_PERSONAL
VALUES(1016, "Jalees", "Jahanzaib", " ", "M", "3785 2104 6452", "Married ", "Graduate");
INSERT INTO SOLDIER_PERSONAL
VALUES(1017, "Mayank", "Goyal", " ", "M", "5475 4513 4566", "Married ", "Graduate");
INSERT INTO SOLDIER_PERSONAL
VALUES(1018, "Dhruv", "Arya", " ", "M", "2384 0132 2223", "Married ", "Graduate");
INSERT INTO SOLDIER_PERSONAL
VALUES(1019, "SONU", "GURU", " ", "M", "3212 3045 8963", "Married ", "Graduate");
INSERT INTO SOLDIER_PERSONAL
VALUES(1020, "AMAN", "GOEL", " ", "F ", "5556 3214 7566", "Married ", "Graduate");


INSERT INTO SOLDIER_ADDRESS
VALUES(1001, 10, 62, "Ibrahim Bagh", "Gachibowli", "500030", "Adilabad", "Andhra Pradesh");
INSERT INTO SOLDIER_ADDRESS
VALUES(1002, 13, 5, "Ibrahimpatnam", "Shamshabad", "500049", "Bhadradri-Kothagudem", "Arunachal Pradesh");
INSERT INTO SOLDIER_ADDRESS
VALUES(1003, 14, 99, "Inderbagh", "Kukatpally", "500004", "Hyderabad", "Assam");
INSERT INTO SOLDIER_ADDRESS
VALUES(1004, 15, 5, "Indira Park", "Mallapur", "500032", "Jagtial", "Bihar");
INSERT INTO SOLDIER_ADDRESS
VALUES(1005, 18, 1, "Jagadgirigutta", "Hi Tech City", "500007", "Jangaon", "Chhattisgarh");
INSERT INTO SOLDIER_ADDRESS
VALUES(1006, 92, 1, "Jagdish Market", "Habsiguda", "500007", "Jayashankar Bhoopalpally", "Goa");
INSERT INTO SOLDIER_ADDRESS
VALUES(1007, 62, 12, "Jahanuma", "Jubilee Hills", "500012", "Jogulamba-Gadwal", "Gujarat");
INSERT INTO SOLDIER_ADDRESS
VALUES(1008, 35, 15, "Jambagh", "Secunderabad", "500030", "Kamareddy", "Haryana");
INSERT INTO SOLDIER_ADDRESS
VALUES(1009, 321, 14, "Jamia Osmania", "Banjara Hills", "500028", "Karimnagar", "Himachal Pradesh");
INSERT INTO SOLDIER_ADDRESS
VALUES(1010, 54, 4, "Jawahar Nagar", "Manikonda", "500043", "Khammam", "Jammu and Kashmir");
INSERT INTO SOLDIER_ADDRESS
VALUES(1011, 50, 14, "Jawaharlal Nehru Road", "Uppal Kalan", "500013", "Komaram Bheem Asifabad", "Jharkhand");
INSERT INTO SOLDIER_ADDRESS
VALUES(1012, 20, 4, "Jeedimetla", "Ameerpet", "500016", "Mahabubabad", "Karnataka");
INSERT INTO SOLDIER_ADDRESS
VALUES(1013, 69, 4, "Kachi", "Shamirpet", "500004", "Mahabubnagar", "Kerala");
INSERT INTO SOLDIER_ADDRESS
VALUES(1014, 222, 14, "Kachiguda", "Sainikpuri", "500044", "Mancherial", "Madhya Pradesh");
INSERT INTO SOLDIER_ADDRESS
VALUES(1015, 35, 57, "Kachiguda X Road", "Srinagar Colony", "500049", "Medchal", "Maharashtra");
INSERT INTO SOLDIER_ADDRESS
VALUES(1016, 23, 58, "Kakaguda", "Quthbullapur", "500020", "Medak", "Manipur");
INSERT INTO SOLDIER_ADDRESS
VALUES(1017, 8, 6, "Kakatiya Nagar", "A C Guards", "500028", "Nagarkurnool", "Meghalaya");
INSERT INTO SOLDIER_ADDRESS
VALUES(1018, 5, 5  , "Kalasiguda", "A S Roa Nagar", "500038", "Nalgonda", "Mizoram");
INSERT INTO SOLDIER_ADDRESS
VALUES(1019, 21, 1, "Kali Kabar", "Abids Road", "500048", "Nirmal", "Nagaland");
INSERT INTO SOLDIER_ADDRESS
VALUES(1020, 24, 45, "Kali Kaman", "Adarsh Nagar", "500034", "Nizamabad", "Odisha");




INSERT INTO SOLDIER_PHONE_NUMBER
VALUES(1001, "+91 9636636472");
INSERT INTO SOLDIER_PHONE_NUMBER
VALUES(1002, "+91 9555577586");
INSERT INTO SOLDIER_PHONE_NUMBER
VALUES(1003, "+91 9955544296");
INSERT INTO SOLDIER_PHONE_NUMBER
VALUES(1004, "+91 7555929884");
INSERT INTO SOLDIER_PHONE_NUMBER
VALUES(1005, "+91 9755582101");
INSERT INTO SOLDIER_PHONE_NUMBER
VALUES(1006, "+91 7555713441");
INSERT INTO SOLDIER_PHONE_NUMBER
VALUES(1007, "+91 8555436118");
INSERT INTO SOLDIER_PHONE_NUMBER
VALUES(1008, "+91 9655575155");
INSERT INTO SOLDIER_PHONE_NUMBER
VALUES(1009, "+91 8555452895");
INSERT INTO SOLDIER_PHONE_NUMBER
VALUES(1010, "+91 7555798175");
INSERT INTO SOLDIER_PHONE_NUMBER
VALUES(1011, "+91 7555520561");
INSERT INTO SOLDIER_PHONE_NUMBER
VALUES(1012, "+91 8555591746");
INSERT INTO SOLDIER_PHONE_NUMBER
VALUES(1013, "+91 9255526513");
INSERT INTO SOLDIER_PHONE_NUMBER
VALUES(1014, "+91 7555528119");
INSERT INTO SOLDIER_PHONE_NUMBER
VALUES(1015, "+91 7555342962");
INSERT INTO SOLDIER_PHONE_NUMBER
VALUES(1016, "+91 8555895390");
INSERT INTO SOLDIER_PHONE_NUMBER
VALUES(1017, "+91 8555508330");
INSERT INTO SOLDIER_PHONE_NUMBER
VALUES(1018, "+91 9755523943");
INSERT INTO SOLDIER_PHONE_NUMBER
VALUES(1019, "+91 7555872968");




INSERT INTO SOLDIER_EMAIL_ID
VALUES
    (1001, "eric.lopez@gmail.com");
INSERT INTO SOLDIER_EMAIL_ID
VALUES
    (1002, "eric.lund@gmail.com");
INSERT INTO SOLDIER_EMAIL_ID
VALUES
    (1003, "eric.m.boehm@gmail.com");
INSERT INTO SOLDIER_EMAIL_ID
VALUES
    (1004, "eric.mack@gmail.com");
INSERT INTO SOLDIER_EMAIL_ID
VALUES
    (1005, "eric.mason@gmail.com");
INSERT INTO SOLDIER_EMAIL_ID
VALUES
    (1006, "eric.mathews@gmail.com");
INSERT INTO SOLDIER_EMAIL_ID
VALUES
    (1007, "eric.mintz@gmail.com");
INSERT INTO SOLDIER_EMAIL_ID
VALUES
    (1008, "eric.mistry@gmail.com");
INSERT INTO SOLDIER_EMAIL_ID
VALUES
    (1009, "mittler22@gmail.com");
INSERT INTO SOLDIER_EMAIL_ID
VALUES
    (1010, "moeller77@mail.com");
INSERT INTO SOLDIER_EMAIL_ID
VALUES
    (1011, "monica654@gmail.com");
INSERT INTO SOLDIER_EMAIL_ID
VALUES
    (1012, "moore34@gmail.com");
INSERT INTO SOLDIER_EMAIL_ID
VALUES
    (1013, "murrell56@gmail.com");
INSERT INTO SOLDIER_EMAIL_ID
VALUES
    (1014, "na75y@gmail.com");
INSERT INTO SOLDIER_EMAIL_ID
VALUES
    (1015, "neilson57@gmail.com");
INSERT INTO SOLDIER_EMAIL_ID
VALUES
    (1016, "nelson57@gmail.com");
INSERT INTO SOLDIER_EMAIL_ID
VALUES
    (1017, "newcomer86@gmail.com");
INSERT INTO SOLDIER_EMAIL_ID
VALUES
    (1018, "nghiem686@gmail.com");
INSERT INTO SOLDIER_EMAIL_ID
VALUES
    (1019, "nishant999@gmail.com");
INSERT INTO SOLDIER_EMAIL_ID
VALUES
    (1020, "noss678@gmail.com");


INSERT INTO SOLDIER_PARENTS
VALUES(1001, "Jojo", "Brown", "K", "Leni", "Brown", "K");
INSERT INTO SOLDIER_PARENTS
VALUES(1002, "Danish", "Silvester", "M", "Lucy", "Silvester", "M");
INSERT INTO SOLDIER_PARENTS
VALUES(1003, "Ram", "Singh", "C", "Reni", "Singh", "C");
INSERT INTO SOLDIER_PARENTS
VALUES(1004, "James", "John", " ", "Malathy", "John", " ");
INSERT INTO SOLDIER_PARENTS
VALUES(1005, "Ramesh", "Reddy", "P", "Kripa", "Reddy", "P");
INSERT INTO SOLDIER_PARENTS
VALUES(1006, "Bimal", "Grower", " ", "Rani", "Grower", " ");
INSERT INTO SOLDIER_PARENTS
VALUES(1007, "Nirmal", "Jain", " ", "Lavanya", "Jain", " ");
INSERT INTO SOLDIER_PARENTS
VALUES(1008, "Paul", "Jain", " ", "Harshika", "Jain", " ");
INSERT INTO SOLDIER_PARENTS
VALUES(1009, "Thomson", "Mark", " ", "Tina", "Mark", " ");
INSERT INTO SOLDIER_PARENTS
VALUES(1010, "Kiran", "Reddy", "K", "Kalyani", "Reddy", "K");
INSERT INTO SOLDIER_PARENTS
VALUES(1011, "Saurabh", "Reddy", " ", "Riya", "Reddy", " ");
INSERT INTO SOLDIER_PARENTS
VALUES(1012, "Abinash", "Verma", " ", "Hrithika", "Verma", " ");
INSERT INTO SOLDIER_PARENTS
VALUES(1013, "Arun", "Tony", " ", "Anuja", "Tony", " ");
INSERT INTO SOLDIER_PARENTS
VALUES(1014, "Sarthak", "Saxena", "P", "Ayushi", "Saxena", "P");
INSERT INTO SOLDIER_PARENTS
VALUES(1015, "Tom", "taylor", "R", "Livina", "taylor", "R");
INSERT INTO SOLDIER_PARENTS
VALUES(1016, "Kunal", "Jahanzaib", " ", "Jennifer", "Jahanzaib", " ");
INSERT INTO SOLDIER_PARENTS
VALUES(1017, "Aditya", "Goyal", " ", "Jyoti", "Goyal", " ");
INSERT INTO SOLDIER_PARENTS
VALUES(1018, "Appan", "Arya", " ", "Swati", "Arya", " ");
INSERT INTO SOLDIER_PARENTS
VALUES(1019, "Shashank", "GURU", " ", "Heena", "GURU", " ");
INSERT INTO SOLDIER_PARENTS
VALUES(1020, "Ankit", "GOEL", " ", "Charu", "GOEL", " ");


INSERT INTO SOLDIER_DATES
VALUES
    (1001, "1979/7/8", "1999/7/8", "2018/7/8");
INSERT INTO SOLDIER_DATES
    (ID,BirthDate,RecruitmentDate)
VALUES
    (1002, "1973/12/20", "1993/12/20");
INSERT INTO SOLDIER_DATES
    (ID,BirthDate,RecruitmentDate)
VALUES
    (1003, "1971/1/17", "1991/1/17");
INSERT INTO SOLDIER_DATES
    (ID,BirthDate,RecruitmentDate)
VALUES
    (1004, "1977/5/18", "1997/5/18");
INSERT INTO SOLDIER_DATES
    (ID,BirthDate,RecruitmentDate)
VALUES
    (1005, "1976/11/5", "1996/11/5");
INSERT INTO SOLDIER_DATES
    (ID,BirthDate,RecruitmentDate)
VALUES
    (1006, "1977/8/2", "1997/8/2");
INSERT INTO SOLDIER_DATES
    (ID,BirthDate,RecruitmentDate)
VALUES
    (1007, "1976/12/11", "1996/12/11");
INSERT INTO SOLDIER_DATES
    (ID,BirthDate,RecruitmentDate)
VALUES
    (1008, "1980/9/23", "2035/9/23");
INSERT INTO SOLDIER_DATES
    (ID,BirthDate,RecruitmentDate)
VALUES
    (1009, "1970/12/4", "2035/12/4");
INSERT INTO SOLDIER_DATES
    (ID,BirthDate,RecruitmentDate)
VALUES
    (1010, "1978/10/17", "1998/10/17");
INSERT INTO SOLDIER_DATES
    (ID,BirthDate,RecruitmentDate)
VALUES
    (1011, "1971/2/3", "1991/2/3");
INSERT INTO SOLDIER_DATES
    (ID,BirthDate,RecruitmentDate)
VALUES
    (1012, "1979/5/10", "1999/5/10");
INSERT INTO SOLDIER_DATES
    (ID,BirthDate,RecruitmentDate)
VALUES
    (1013, "1970/2/15", "2035/2/15");
INSERT INTO SOLDIER_DATES
    (ID,BirthDate,RecruitmentDate)
VALUES
    (1014, "1979/8/12", "1999/8/12");
INSERT INTO SOLDIER_DATES
    (ID,BirthDate,RecruitmentDate)
VALUES
    (1015, "1980/10/22", "2035/10/22");
INSERT INTO SOLDIER_DATES
    (ID,BirthDate,RecruitmentDate)
VALUES
    (1016, "1974/9/6", "1994/9/6");
INSERT INTO SOLDIER_DATES
    (ID,BirthDate,RecruitmentDate)
VALUES
    (1017, "1971/3/26", "2035/3/26");
INSERT INTO SOLDIER_DATES
VALUES
    (1018, "1972/8/6", "1982/8/6", "2015/8/7");
INSERT INTO SOLDIER_DATES
VALUES
    (1019, "1979/7/8", "1999/7/8", "2014/7/5");
INSERT INTO SOLDIER_DATES
    (ID,BirthDate,RecruitmentDate)
VALUES
    (1020, "1978/4/1", "1999/4/1");


INSERT INTO SOLDIER_MILITARY_ACCOMPLISHMENTS
VALUES
    (1001, "Videsh Seva Medal");
INSERT INTO SOLDIER_MILITARY_ACCOMPLISHMENTS
VALUES
    (1002, "Antrik Suraksha Padak");
INSERT INTO SOLDIER_MILITARY_ACCOMPLISHMENTS
VALUES
    (1003, "High Altitude Service Medal");
INSERT INTO SOLDIER_MILITARY_ACCOMPLISHMENTS
VALUES
    (1004, "Raksha Medal");
INSERT INTO SOLDIER_MILITARY_ACCOMPLISHMENTS
VALUES
    (1005, "Samar Seva Star");
INSERT INTO SOLDIER_MILITARY_ACCOMPLISHMENTS
VALUES
    (1006, "Operation Vijay Star");
INSERT INTO SOLDIER_MILITARY_ACCOMPLISHMENTS
VALUES
    (1007, "Poorvi Star");
INSERT INTO SOLDIER_MILITARY_ACCOMPLISHMENTS
VALUES
    (1008, "Operation Parakram Medal");
INSERT INTO SOLDIER_MILITARY_ACCOMPLISHMENTS
VALUES
    (1009, "Vayusena Medal(Air Force) (VM)");
INSERT INTO SOLDIER_MILITARY_ACCOMPLISHMENTS
VALUES
    (1010, "Nausena Medal(Navy) (NM)");
INSERT INTO SOLDIER_MILITARY_ACCOMPLISHMENTS
VALUES
    (1011, "Sena Medal(Army) (SM)");
INSERT INTO SOLDIER_MILITARY_ACCOMPLISHMENTS
VALUES
    (1012, "General Service Medal 1947");
INSERT INTO SOLDIER_MILITARY_ACCOMPLISHMENTS
VALUES
    (1013, "Meritorious Service Medal");
INSERT INTO SOLDIER_MILITARY_ACCOMPLISHMENTS
VALUES
    (1014, "Paschimi Star");
INSERT INTO SOLDIER_MILITARY_ACCOMPLISHMENTS
VALUES
    (1015, "General Service Medal 1947");
INSERT INTO SOLDIER_MILITARY_ACCOMPLISHMENTS
VALUES
    (1016, "Videsh Seva Medal");
INSERT INTO SOLDIER_MILITARY_ACCOMPLISHMENTS
VALUES
    (1017, "General Service Medal 1947");
INSERT INTO SOLDIER_MILITARY_ACCOMPLISHMENTS
VALUES
    (1018, "Meritorious Service Medal");
INSERT INTO SOLDIER_MILITARY_ACCOMPLISHMENTS
VALUES
    (1019, "Videsh Seva Medal");
INSERT INTO SOLDIER_MILITARY_ACCOMPLISHMENTS
VALUES
    (1020, "Antrik Suraksha Padak");

INSERT INTO SOLDIER_MEDICAL
VALUES(1001, 154, 46, "O+", "2019/10/12");
INSERT INTO SOLDIER_MEDICAL
VALUES(1002, 169, 59, "AB-", "2019/10/12");
INSERT INTO SOLDIER_MEDICAL
VALUES(1003, 187, 64, "O+", "2019/10/12");
INSERT INTO SOLDIER_MEDICAL
VALUES(1004, 154, 54, "O-", "2019/10/12");
INSERT INTO SOLDIER_MEDICAL
VALUES(1005, 184, 67, "A+", "2019/10/12");
INSERT INTO SOLDIER_MEDICAL
VALUES(1006, 193, 59, "A-", "2019/10/12");
INSERT INTO SOLDIER_MEDICAL
VALUES(1007, 169, 47, "B+", "2019/10/12");
INSERT INTO SOLDIER_MEDICAL
VALUES(1008, 180, 52, "B-", "2019/10/12");
INSERT INTO SOLDIER_MEDICAL
VALUES(1009, 188, 50, "AB+", "2019/10/12");
INSERT INTO SOLDIER_MEDICAL
VALUES(1010, 159, 68, "AB-", "2019/10/12");
INSERT INTO SOLDIER_MEDICAL
VALUES(1011, 164, 45, "O+", "2019/10/12");
INSERT INTO SOLDIER_MEDICAL
VALUES(1012, 181, 49, "AB-", "2019/10/12");
INSERT INTO SOLDIER_MEDICAL
VALUES(1013, 158, 70, "O+", "2019/10/12");
INSERT INTO SOLDIER_MEDICAL
VALUES(1014, 163, 47, "O-", "2019/10/12");
INSERT INTO SOLDIER_MEDICAL
VALUES(1015, 167, 45, "A+", "2019/10/12");
INSERT INTO SOLDIER_MEDICAL
VALUES(1016, 192, 45, "A-", "2019/10/12");
INSERT INTO SOLDIER_MEDICAL
VALUES(1017, 154, 62, "B-", "2019/10/12");
INSERT INTO SOLDIER_MEDICAL
VALUES(1018, 191, 64, "AB+", "2019/10/12");
INSERT INTO SOLDIER_MEDICAL
VALUES(1019, 168, 56, "AB+", "2019/10/12");
INSERT INTO SOLDIER_MEDICAL
VALUES(1020, 189, 46, "O+", "2019/10/12");


INSERT INTO SALARY
VALUES(1, 20, 5, 1, 100000);
INSERT INTO SALARY
VALUES(2, 19, 6, 2, 150000);
INSERT INTO SALARY
VALUES(3, 18, 4, 3, 120000);
INSERT INTO SALARY
VALUES(4, 17, 9, 4, 125000);
INSERT INTO SALARY
VALUES(5, 16, 1, 5, 100000);
INSERT INTO SALARY
VALUES(6, 15, 6, 6, 100026);
INSERT INTO SALARY
VALUES(7, 14, 45, 7, 150000);
INSERT INTO SALARY
VALUES(8, 13, 5, 3, 250000);
INSERT INTO SALARY
VALUES(9, 12, 4, 3, 90000);
INSERT INTO SALARY
VALUES(10, 11, 8, 2, 80000);
INSERT INTO SALARY
VALUES(11, 10, 66, 2, 50000);
INSERT INTO SALARY
VALUES(12, 9, 2, 5, 60000);
INSERT INTO SALARY
VALUES(13, 8, 44, 5, 80000);
INSERT INTO SALARY
VALUES(14, 7, 8, 6, 90000);
INSERT INTO SALARY
VALUES(15, 6, 44, 6, 70000);
INSERT INTO SALARY
VALUES(16, 5, 11, 2, 40000);
INSERT INTO SALARY
VALUES(17, 4, 44, 4, 55000);
INSERT INTO SALARY
VALUES(18, 3, 545, 5, 85000);
INSERT INTO SALARY
VALUES(19, 2, 525, 3, 62000);
INSERT INTO SALARY
VALUES(20, 1, 5, 1, 30000);


INSERT INTO SOLDIER_MILITARY
    (ID,RankID,DivisionID,CorpID,CommandID)
VALUES(1001, 1, 20, 5, 1);
INSERT INTO SOLDIER_MILITARY
    (ID,RankID,DivisionID,CorpID,CommandID)
VALUES(1002, 2, 19, 6, 2);
INSERT INTO SOLDIER_MILITARY
    (ID,RankID,DivisionID,CorpID,CommandID)
VALUES(1003, 3, 18, 4, 3);
INSERT INTO SOLDIER_MILITARY
    (ID,RankID,DivisionID,CorpID,CommandID)
VALUES(1004, 4, 17, 9, 4);
INSERT INTO SOLDIER_MILITARY
    (ID,RankID,DivisionID,CorpID,CommandID)
VALUES(1005, 5, 16, 1, 5);
INSERT INTO SOLDIER_MILITARY
    (ID,RankID,DivisionID,CorpID,CommandID)
VALUES(1006, 6, 15, 6, 6);
INSERT INTO SOLDIER_MILITARY
    (ID,RankID,DivisionID,CorpID,CommandID)
VALUES(1007, 7, 14, 45, 7);
INSERT INTO SOLDIER_MILITARY
    (ID,RankID,DivisionID,CorpID,CommandID)
VALUES(1008, 8, 13, 5, 3);
INSERT INTO SOLDIER_MILITARY
    (ID,RankID,DivisionID,CorpID,CommandID)
VALUES(1009, 9, 12, 4, 3);
INSERT INTO SOLDIER_MILITARY
    (ID,RankID,DivisionID,CorpID,CommandID)
VALUES(1010, 10, 11, 8, 2);
INSERT INTO SOLDIER_MILITARY
    (ID,RankID,DivisionID,CorpID,CommandID)
VALUES(1011, 11, 10, 66, 2);
INSERT INTO SOLDIER_MILITARY
    (ID,RankID,DivisionID,CorpID,CommandID)
VALUES(1012, 12, 9, 2, 5);
INSERT INTO SOLDIER_MILITARY
    (ID,RankID,DivisionID,CorpID,CommandID)
VALUES(1013, 13, 8, 44, 5);
INSERT INTO SOLDIER_MILITARY
    (ID,RankID,DivisionID,CorpID,CommandID)
VALUES(1014, 14, 7, 8, 6);
INSERT INTO SOLDIER_MILITARY
    (ID,RankID,DivisionID,CorpID,CommandID)
VALUES(1015, 15, 6, 44, 6);
INSERT INTO SOLDIER_MILITARY
    (ID,RankID,DivisionID,CorpID,CommandID)
VALUES(1016, 16, 5, 11, 2);
INSERT INTO SOLDIER_MILITARY
    (ID,RankID,DivisionID,CorpID,CommandID)
VALUES(1017, 17, 4, 44, 4);
INSERT INTO SOLDIER_MILITARY
    (ID,RankID,DivisionID,CorpID,CommandID)
VALUES(1018, 18, 3, 545, 5);
INSERT INTO SOLDIER_MILITARY
    (ID,RankID,DivisionID,CorpID,CommandID)
VALUES(1019, 19, 2, 525, 3);
INSERT INTO SOLDIER_MILITARY
    (ID,RankID,DivisionID,CorpID,CommandID)
VALUES(1020, 20, 1, 5, 1);

INSERT INTO DEPENDENTS
VALUES("Jojo", "Brown", "K", "1", "M", "Father", "1977/8/2");
INSERT INTO DEPENDENTS
VALUES("Danish", "Silvester", "M", "2", "M", "Father", "1976/12/11");
INSERT INTO DEPENDENTS
VALUES("Ram", "Singh", "C", "3", "M", "Father", "1980/9/23");
INSERT INTO DEPENDENTS
VALUES("James", "John", " ", "4", "M", "Father", "1970/12/4");
INSERT INTO DEPENDENTS
VALUES("Ramesh", "Reddy", "P", "5", "M", "Father", "1978/10/17");
INSERT INTO DEPENDENTS
VALUES("Bimal", "Grower", " ", "6", "M", "Father", "1971/2/3");
INSERT INTO DEPENDENTS
VALUES("Nirmal", "Jain", " ", "7", "M", "Father", "1979/5/10");
INSERT INTO DEPENDENTS
VALUES("Paul", "Jain", " ", "8", "M", "Father", "1970/2/15");
INSERT INTO DEPENDENTS
VALUES("Thomson", "Mark", " ", "9", "M", "Father", "1979/8/12");
INSERT INTO DEPENDENTS
VALUES("Kiran", "Reddy", "K", "10", "M", "Father", "1980/10/22");

INSERT INTO RANKS
VALUES(1, "Field Marshal", "National emblem over a crossed baton and saber in a lotus blossom wreath", 250000);
INSERT INTO RANKS
VALUES(2, "General", "National emblem over a five-pointed star, both over a crossed baton and saber", 220350);
INSERT INTO RANKS
VALUES(3, "Lieutenant General", "National emblem over crossed baton and saber", 203500);
INSERT INTO RANKS
VALUES(4, "Major General", "Five-pointed star over crossed baton and saber", 180000);
INSERT INTO RANKS
VALUES(5, "Brigadier", "National emblem over three five-pointed stars in a triangular formation", 175000);
INSERT INTO RANKS
VALUES(6, "Colonel", "National emblem over two five-pointed stars", 169000);
INSERT INTO RANKS
VALUES(7, "Lieutenant Colonel", "National emblem over five-pointed star", 150000);
INSERT INTO RANKS
VALUES(8, "Major", "National emblem", 135000);
INSERT INTO RANKS
VALUES(9, "Captain", "Three five-pointed stars", 100000);
INSERT INTO RANKS
VALUES(10, "Lieutenant", "Two five-pointed stars", 95000);
INSERT INTO RANKS
VALUES(11, "Missioned Officers of the Indian Army", "Gold national emblem with stripe", 90000);
INSERT INTO RANKS
VALUES(12, "Subedar (Infantry) or Risaldar (Cavalry and Armoured Regiments)", "Two gold stars with stripe", 85000);
INSERT INTO RANKS
VALUES(13, "Naib Subedar (Infantry) or Naib Risaldar (Cavalry and Armoured Regiments)", "One gold star with stripe", 80000);
INSERT INTO RANKS
VALUES(14, "Havildar (Infantry) or Daffadar (Cavalry and Armoured Regiments)", "Three rank chevrons", 70000);
INSERT INTO RANKS
VALUES(15, "Naik (Infantry) or Lance Daffadar (Cavalry and Armoured Regiments)", "Two rank chevrons", 60000);
INSERT INTO RANKS
VALUES(16, "Lance Naik (Infantry) or Acting Lance Daffadar (Cavalry and Armoured Regiments)", "One rank chevron", 50000);
INSERT INTO RANKS
VALUES(17, "Sepoy", "Plain shoulder badge", 40000);

INSERT INTO COMMANDS
VALUES(1, "General Command", 1001, 30);
INSERT INTO COMMANDS
VALUES(2, "Eastern Command", 1002, 20);
INSERT INTO COMMANDS
VALUES(3, "Northern Command", 1003, 35);
INSERT INTO COMMANDS
VALUES(4, "Southern Command", 1004, 25);
INSERT INTO COMMANDS
VALUES(5, "South-Western Command", 1005, 30);
INSERT INTO COMMANDS
VALUES(6, "Western", 1006, 19);
INSERT INTO COMMANDS
VALUES(7, "Army Training Command", 1007, 40);

INSERT INTO CORPS
VALUES(5, "77th Indian Infantry Brigade", 1, 1001, 800);
INSERT INTO CORPS
VALUES(6, "Charlie", 2, 1002, 90);
INSERT INTO CORPS
VALUES(4, "dragon", 3, 1003, 100);
INSERT INTO CORPS
VALUES(9, "gamma", 4, 1004, 444);
INSERT INTO CORPS
VALUES(1, "xray", 5, 1005, 555);
INSERT INTO CORPS
VALUES(6, "killer", 6, 1006, 666);
INSERT INTO CORPS
VALUES(45, "blackcat", 7, 1007, 255);
INSERT INTO CORPS
VALUES(5, "hawk", 6, 1008, 600);
INSERT INTO CORPS
VALUES(4, "brutal", 7, 1009, 300);
INSERT INTO CORPS
VALUES(8, "reck", 7, 1010, 500);
INSERT INTO CORPS
VALUES(66, "risky", 3, 1011, 600);

INSERT INTO DIVISIONS
VALUES(1, "15th Infantry Division", 5, 1, 1001, 800);
INSERT INTO DIVISIONS
VALUES(2, "pachim", 6, 2, 1002, 90);
INSERT INTO DIVISIONS
VALUES(3, "aage", 4, 3, 1003, 100);
INSERT INTO DIVISIONS
VALUES(4, "4th Cavalry Division", 9, 4, 1004, 444);
INSERT INTO DIVISIONS
VALUES(5, "4th Infantary Division", 1, 5, 1005, 555);
INSERT INTO DIVISIONS
VALUES(6, "niche", 6, 6, 1006, 666);
INSERT INTO DIVISIONS
VALUES(7, "charotrf", 45, 7, 1007, 255);
INSERT INTO DIVISIONS
VALUES(8, "hva", 5, 3, 1008, 600);
INSERT INTO DIVISIONS
VALUES(9, "pani", 4, 3, 1009, 300);
INSERT INTO DIVISIONS
VALUES(10, "jal", 8, 2, 1010, 500);
INSERT INTO DIVISIONS
VALUES(11, "aag", 66, 5, 1011, 600);

